글번호,등록일자,등록시간,등록자이름,이메일,비밀번호,글내용,,
1,2021-05-29,10:10:50,갈한수,Kor001@naver.com,1234,"대통령은 제1항과 제2항의 처분 또는 명령을 한 때에는 지체없이 국회에 보고하여 그 승인을 얻어야 한다. 대통령은 취임에 즈음하여 다음의 선서를 한다. 여자의 근로는 특별한 보호를 받으며, 고용·임금 및 근로조건에 있어서 부당한 차별을 받지 아니한다. 지방자치단체는 주민의 복리에 관한 사무를 처리하고 재산을 관리하며, 법령의 범위안에서 자치에 관한 규정을 제정할 수 있다.",,
2,2021-05-23,10:10:07,강이찬,Kor002@naver.com,1234,모든 국민은 자기의 행위가 아닌 친족의 행위로 인하여 불이익한 처우를 받지 아니한다. 국가는 주택개발정책등을 통하여 모든 국민이 쾌적한 주거생활을 할 수 있도록 노력하여야 한다. 이 헌법중 공무원의 임기 또는 중임제한에 관한 규정은 이 헌법에 의하여 그 공무원이 최초로 선출 또는 임명된 때로부터 적용한다.,,
3,2021-05-26,10:10:01,개원훈,Kor003@naver.com,1234,"헌법재판소 재판관의 임기는 6년으로 하며, 법률이 정하는 바에 의하여 연임할 수 있다. 헌법개정안이 제2항의 찬성을 얻은 때에는 헌법개정은 확정되며, 대통령은 즉시 이를 공포하여야 한다. 국가안전보장회의의 조직·직무범위 기타 필요한 사항은 법률로 정한다. 대통령은 취임에 즈음하여 다음의 선서를 한다.",,
4,2021-05-31,10:10:29,경시현,Kor004@naver.com,1234,"국회는 헌법개정안이 공고된 날로부터 60일 이내에 의결하여야 하며, 국회의 의결은 재적의원 3분의 2 이상의 찬성을 얻어야 한다. 신체장애자 및 질병·노령 기타의 사유로 생활능력이 없는 국민은 법률이 정하는 바에 의하여 국가의 보호를 받는다. 국가안전보장에 관련되는 대외정책·군사정책과 국내정책의 수립에 관하여 국무회의의 심의에 앞서 대통령의 자문에 응하기 위하여 국가안전보장회의를 둔다.",,
5,2021-05-31,10:10:01,공동영,Kor005@naver.com,1234,"정당은 그 목적·조직과 활동이 민주적이어야 하며, 국민의 정치적 의사형성에 참여하는데 필요한 조직을 가져야 한다. 법률이 정하는 주요방위산업체에 종사하는 근로자의 단체행동권은 법률이 정하는 바에 의하여 이를 제한하거나 인정하지 아니할 수 있다. 이 헌법시행 당시의 대법원장과 대법원판사가 아닌 법관은 제1항 단서의 규정에 불구하고 이 헌법에 의하여 임명된 것으로 본다.",,
6,2021-05-21,10:10:36,기대연,Kor006@naver.com,1234,"대한민국의 국민이 되는 요건은 법률로 정한다. 대통령은 취임에 즈음하여 다음의 선서를 한다. 국회에 제출된 법률안 기타의 의안은 회기중에 의결되지 못한 이유로 폐기되지 아니한다. 다만, 국회의원의 임기가 만료된 때에는 그러하지 아니하다. 국회의원은 현행범인인 경우를 제외하고는 회기중 국회의 동의없이 체포 또는 구금되지 아니한다.",,
7,2021-05-15,10:10:41,기원호,Kor007@naver.com,1234,"모든 국민은 인간으로서의 존엄과 가치를 가지며, 행복을 추구할 권리를 가진다. 국가는 개인이 가지는 불가침의 기본적 인권을 확인하고 이를 보장할 의무를 진다. 모든 국민은 주거의 자유를 침해받지 아니한다. 주거에 대한 압수나 수색을 할 때에는 검사의 신청에 의하여 법관이 발부한 영장을 제시하여야 한다.",,
8,2021-05-07,10:10:15,기은성,Kor008@naver.com,1234,"대통령의 국법상 행위는 문서로써 하며, 이 문서에는 국무총리와 관계 국무위원이 부서한다. 군사에 관한 것도 또한 같다. 국정감사 및 조사에 관한 절차 기타 필요한 사항은 법률로 정한다. 국회에 제출된 법률안 기타의 의안은 회기중에 의결되지 못한 이유로 폐기되지 아니한다. 다만, 국회의원의 임기가 만료된 때에는 그러하지 아니하다.",,
9,2021-05-17,10:10:31,나한율,Kor009@naver.com,1234,"대한민국은 통일을 지향하며, 자유민주적 기본질서에 입각한 평화적 통일 정책을 수립하고 이를 추진한다. 국회가 재적의원 과반수의 찬성으로 계엄의 해제를 요구한 때에는 대통령은 이를 해제하여야 한다. 모든 국민은 통신의 비밀을 침해받지 아니한다. 국가는 전통문화의 계승·발전과 민족문화의 창달에 노력하여야 한다.",,
10,2021-05-01,10:10:05,남동예,Kor010@naver.com,1234,대한민국의 국민이 되는 요건은 법률로 정한다. 국가는 사회보장·사회복지의 증진에 노력할 의무를 진다. 모든 국민의 재산권은 보장된다. 그 내용과 한계는 법률로 정한다. 국정감사 및 조사에 관한 절차 기타 필요한 사항은 법률로 정한다. 형사피고인은 유죄의 판결이 확정될 때까지는 무죄로 추정된다.,,
11,2021-05-30,10:10:14,낭시우,Kor011@naver.com,1234,제1항의 해임건의는 국회재적의원 3분의 1 이상의 발의에 의하여 국회재적의원 과반수의 찬성이 있어야 한다. 국가유공자·상이군경 및 전몰군경의 유가족은 법률이 정하는 바에 의하여 우선적으로 근로의 기회를 부여받는다. 타인의 범죄행위로 인하여 생명·신체에 대한 피해를 받은 국민은 법률이 정하는 바에 의하여 국가로부터 구조를 받을 수 있다.,,
12,2021-05-28,10:10:34,내세원,Kor012@naver.com,1234,"국가는 국민 모두의 생산 및 생활의 기반이 되는 국토의 효율적이고 균형있는 이용·개발과 보전을 위하여 법률이 정하는 바에 의하여 그에 관한 필요한 제한과 의무를 과할 수 있다. 대법관의 임기는 6년으로 하며, 법률이 정하는 바에 의하여 연임할 수 있다. 군인은 현역을 면한 후가 아니면 국무총리로 임명될 수 없다.",,
13,2021-05-19,10:10:08,뇌성수,Kor013@naver.com,1234,"국가는 대외무역을 육성하며, 이를 규제·조정할 수 있다. 누구든지 병역의무의 이행으로 인하여 불이익한 처우를 받지 아니한다. 모든 국민은 법률이 정하는 바에 의하여 선거권을 가진다. 모든 국민은 직업선택의 자유를 가진다. 모든 국민은 법률이 정하는 바에 의하여 공무담임권을 가진다. 국회는 의원의 자격을 심사하며, 의원을 징계할 수 있다.",,
14,2021-05-10,10:10:27,단수혁,Kor014@naver.com,1234,"제3항의 승인을 얻지 못한 때에는 그 처분 또는 명령은 그때부터 효력을 상실한다. 이 경우 그 명령에 의하여 개정 또는 폐지되었던 법률은 그 명령이 승인을 얻지 못한 때부터 당연히 효력을 회복한다. 국회의원의 수는 법률로 정하되, 200인 이상으로 한다. 국가는 건전한 소비행위를 계도하고 생산품의 품질향상을 촉구하기 위한 소비자보호운동을 법률이 정하는 바에 의하여 보장한다.",,
15,2021-05-05,10:10:31,담성민,Kor015@naver.com,1234,"대통령은 전시·사변 또는 이에 준하는 국가비상사태에 있어서 병력으로써 군사상의 필요에 응하거나 공공의 안녕질서를 유지할 필요가 있을 때에는 법률이 정하는 바에 의하여 계엄을 선포할 수 있다. 대통령의 임기는 5년으로 하며, 중임할 수 없다. 선거와 국민투표의 공정한 관리 및 정당에 관한 사무를 처리하기 위하여 선거관리위원회를 둔다.",,
16,2021-05-29,10:10:02,담원준,Kor016@naver.com,1234,대통령은 국가의 안위에 관계되는 중대한 교전상태에 있어서 국가를 보위하기 위하여 긴급한 조치가 필요하고 국회의 집회가 불가능한 때에 한하여 법률의 효력을 가지는 명령을 발할 수 있다. 각급 선거관리위원회는 선거인명부의 작성등 선거사무와 국민투표사무에 관하여 관계 행정기관에 필요한 지시를 할 수 있다.,,
17,2021-05-18,10:10:36,담장호,Kor017@naver.com,1234,"교육의 자주성·전문성·정치적 중립성 및 대학의 자율성은 법률이 정하는 바에 의하여 보장된다. 지방자치단체는 주민의 복리에 관한 사무를 처리하고 재산을 관리하며, 법령의 범위안에서 자치에 관한 규정을 제정할 수 있다. 대통령의 선거에 관한 사항은 법률로 정한다. 국가안전보장회의는 대통령이 주재한다.",,
18,2021-05-01,10:10:29,독고예준,Kor018@naver.com,1234,"국가원로자문회의의 의장은 직전대통령이 된다. 다만, 직전대통령이 없을 때에는 대통령이 지명한다. 헌법재판소 재판관은 정당에 가입하거나 정치에 관여할 수 없다. 위원은 탄핵 또는 금고 이상의 형의 선고에 의하지 아니하고는 파면되지 아니한다. 국가는 과학기술의 혁신과 정보 및 인력의 개발을 통하여 국민경제의 발전에 노력하여야 한다.",,
19,2021-05-13,10:10:23,돈송혁,Kor019@naver.com,1234,"헌법개정안은 국회가 의결한 후 30일 이내에 국민투표에 붙여 국회의원선거권자 과반수의 투표와 투표자 과반수의 찬성을 얻어야 한다. 대법원은 법률에 저촉되지 아니하는 범위안에서 소송에 관한 절차, 법원의 내부규율과 사무처리에 관한 규칙을 제정할 수 있다. 사면·감형 및 복권에 관한 사항은 법률로 정한다.",,
20,2021-05-16,10:10:56,돈재현,Kor020@naver.com,1234,"헌법재판소 재판관은 탄핵 또는 금고 이상의 형의 선고에 의하지 아니하고는 파면되지 아니한다. 공무원은 국민전체에 대한 봉사자이며, 국민에 대하여 책임을 진다. 대통령은 필요하다고 인정할 때에는 외교·국방·통일 기타 국가안위에 관한 중요정책을 국민투표에 붙일 수 있다. 대통령은 국민의 보통·평등·직접·비밀선거에 의하여 선출한다.",,
21,2021-05-26,10:10:00,두동환,Kor021@naver.com,1234,"모든 국민은 법률이 정하는 바에 의하여 납세의 의무를 진다. 모든 국민은 고문을 받지 아니하며, 형사상 자기에게 불리한 진술을 강요당하지 아니한다. 국회에 제출된 법률안 기타의 의안은 회기중에 의결되지 못한 이유로 폐기되지 아니한다. 다만, 국회의원의 임기가 만료된 때에는 그러하지 아니하다.",,
22,2021-05-21,10:10:02,두채훈,Kor022@naver.com,1234,"대한민국은 민주공화국이다. 헌법재판소 재판관의 임기는 6년으로 하며, 법률이 정하는 바에 의하여 연임할 수 있다. 법률안에 이의가 있을 때에는 대통령은 제1항의 기간내에 이의서를 붙여 국회로 환부하고, 그 재의를 요구할 수 있다. 국회의 폐회중에도 또한 같다. 누구든지 체포 또는 구속의 이유와 변호인의 조력을 받을 권리가 있음을 고지받지 아니하고는 체포 또는 구속을 당하지 아니한다. 체포 또는 구속을 당한 자의 가족등 법률이 정하는 자에게는 그 이유와 일시·장소가 지체없이 통지되어야 한다.",,
23,2021-05-04,10:10:51,명윤일,Kor023@naver.com,1234,법률은 특별한 규정이 없는 한 공포한 날로부터 20일을 경과함으로써 효력을 발생한다. 국무회의는 정부의 권한에 속하는 중요한 정책을 심의한다. 계엄을 선포한 때에는 대통령은 지체없이 국회에 통고하여야 한다. 광물 기타 중요한 지하자원·수산자원·수력과 경제상 이용할 수 있는 자연력은 법률이 정하는 바에 의하여 일정한 기간 그 채취·개발 또는 이용을 특허할 수 있다.,,
24,2021-05-27,10:10:15,모재원,Kor024@naver.com,1234,공무원의 직무상 불법행위로 손해를 받은 국민은 법률이 정하는 바에 의하여 국가 또는 공공단체에 정당한 배상을 청구할 수 있다. 이 경우 공무원 자신의 책임은 면제되지 아니한다. 행정권은 대통령을 수반으로 하는 정부에 속한다. 국회의원은 국회에서 직무상 행한 발언과 표결에 관하여 국회외에서 책임을 지지 아니한다.,,
25,2021-05-20,10:10:25,문은진,Kor025@naver.com,1234,"모든 국민은 법률이 정하는 바에 의하여 국가기관에 문서로 청원할 권리를 가진다. 재판의 전심절차로서 행정심판을 할 수 있다. 행정심판의 절차는 법률로 정하되, 사법절차가 준용되어야 한다. 예비비는 총액으로 국회의 의결을 얻어야 한다. 예비비의 지출은 차기국회의 승인을 얻어야 한다. 법원은 최고법원인 대법원과 각급법원으로 조직된다.",,
26,2021-05-26,10:10:23,박수혁,Kor026@naver.com,1234,"재의의 요구가 있을 때에는 국회는 재의에 붙이고, 재적의원과반수의 출석과 출석의원 3분의 2 이상의 찬성으로 전과 같은 의결을 하면 그 법률안은 법률로서 확정된다. 국가는 재해를 예방하고 그 위험으로부터 국민을 보호하기 위하여 노력하여야 한다. 국회의원은 국가이익을 우선하여 양심에 따라 직무를 행한다.",,
27,2021-05-22,10:10:58,방윤후,Kor027@naver.com,1234,"법관은 헌법과 법률에 의하여 그 양심에 따라 독립하여 심판한다. 대통령은 국가의 원수이며, 외국에 대하여 국가를 대표한다. 훈장등의 영전은 이를 받은 자에게만 효력이 있고, 어떠한 특권도 이에 따르지 아니한다. 국무총리·국무위원 또는 정부위원은 국회나 그 위원회에 출석하여 국정처리상황을 보고하거나 의견을 진술하고 질문에 응답할 수 있다.",,
28,2021-05-15,10:10:30,방채호,Kor028@naver.com,1234,모든 국민은 주거의 자유를 침해받지 아니한다. 주거에 대한 압수나 수색을 할 때에는 검사의 신청에 의하여 법관이 발부한 영장을 제시하여야 한다. 대통령의 임기연장 또는 중임변경을 위한 헌법개정은 그 헌법개정 제안 당시의 대통령에 대하여는 효력이 없다. 국민경제자문회의의 조직·직무범위 기타 필요한 사항은 법률로 정한다.,,
29,2021-05-29,10:10:55,배세준,Kor029@naver.com,1234,"학교교육 및 평생교육을 포함한 교육제도와 그 운영, 교육재정 및 교원의 지위에 관한 기본적인 사항은 법률로 정한다. 대통령의 임기는 5년으로 하며, 중임할 수 없다. 여자의 근로는 특별한 보호를 받으며, 고용·임금 및 근로조건에 있어서 부당한 차별을 받지 아니한다. 대통령의 임기가 만료되는 때에는 임기만료 70일 내지 40일전에 후임자를 선거한다.",,
30,2021-05-02,10:10:16,배채호,Kor030@naver.com,1234,"대한민국의 주권은 국민에게 있고, 모든 권력은 국민으로부터 나온다. 국군의 조직과 편성은 법률로 정한다. 모든 국민은 그 보호하는 자녀에게 적어도 초등교육과 법률이 정하는 교육을 받게 할 의무를 진다. 대한민국은 통일을 지향하며, 자유민주적 기본질서에 입각한 평화적 통일 정책을 수립하고 이를 추진한다.",,
,,,,,,,,
,,,,,,,,
,,,,,,,,
,,,,,,,,
,,,,,,,,
,,,,,,,,
,,,,,,,,
,,,,,,,,
,,,,,,,,
,,,,,,,,
,,,,,,,,
,,,,,,,,
,,,,,,,,
,,,,,,,,
,,,,,,,,
,,,,,,,,
,,,,,,,,
,,,,,,,,
,,,,,,,,
,,,,,,,,
,,,,,,,,
,,,,,,,,
,,,,,,,,
,,,,,,,,
,,,,,,,,
,,,,,,,,
,,,,,,,,
,,,,,,,,
,,,,,,,,
,,,,,,,,
,,,,,,,,
,,,,,,,,
,,,,,,,,
,,,,,,,,
,,,,,,,,
,,,,,,,,
,,,,,,,,
,,,,,,,,
,,,,,,,,
,,,,,,,,
,,,,,,,,
,,,,,,,,
,,,,,,,,
,,,,,,,,
,,,,,,,,
,,,,,,,,
,,,,,,,,
,,,,,,,,
,,,,,,,,
,,,,,,,,
,,,,,,,,
,,,,,,,,
,,,,,,,,
,,,,,,,,
,,,,,,,,
,,,,,,,,
,,,,,,,,
,,,,,,,,
,,,,,,,,
,,,,,,,,
,,,,,,,,
,,,,,,,,
,,,,,,,,
,,,,,,,,
,,,,,,,,
,,,,,,,,
,,,,,,,,
,,,,,,,,
,,,,,,,,
,,,,,,,,
,,,,,,,,
